{"E68": -3.3847009643340833, "E32": -3.199676585370733, "E50": -3.491867428459791, "E67": -3.385749182459412, "E33": -3.4831591005680065, "E24": -3.1741030416960454, "E17": -3.3984142594026787, "E12": -3.465398679563625, "E27": -3.3331457870067096, "E42": -3.3994769587588007, "E52": -3.4648309815637064, "E55": -3.4231467028447056, "E35": -3.3660185320072844, "E10": -3.2005476655651854, "E31": -3.2630258560309433, "E28": -3.435746157384749, "E36": -3.4733804779257746, "E25": -3.4968360197130695, "E65": -3.5544254048828567, "E58": -3.3619138571831524, "E26": -3.558779999633371, "E16": -3.5041879128478315, "E59": -3.3925895143138076, "E37": -2.95935448567209, "E38": -3.43519504136088, "E44": -3.321276211451326, "E40": -3.431345710239927, "E30": -3.3527394809071107, "E18": -3.32768807065621, "E60": -3.349699964889214, "E13": -3.204914484731526, "E34": -3.4160948699874605, "E29": -3.447948194524955, "E22": -3.4275111396689653, "E57": -3.538415210688696, "E47": -3.3994769587588007, "E64": -3.366532803039447, "E56": -3.3773940424710513, "E49": -3.521455385645287, "E51": -3.60601277367335, "E48": -3.3568065937833698, "E69": -3.4831591005680065, "E53": -3.5018294211885386, "E14": -3.63923842130167, "E63": -3.334639439263493, "E41": -3.524462906709242, "E61": -3.3920616705433044, "E39": -3.467672699872734, "E21": -3.3222599793614584, "E20": -3.349699964889214, "E62": -3.4198858303900077, "E45": -3.468811652159865, "E23": -3.3568065937833698, "E11": -3.354770969670772, "E19": -3.410704021352584, "E43": -3.36396408855227, "E54": -3.563780010050077, "E46": -3.508328705513863, "E66": -3.514274026236622, "E15": -3.4407199172928498}